Ruth, Allen, RuthAllen@gmail.com
Judy, Nelson, JudyNelson@gmail.com
Carla, Smith, CarlaSmith@gmail.com
Jennifer, Johnson, JenniferJohnson@gmail.com
John, Pena, JohnPena@gmail.com
Matthew, Phillips, MatthewPhillips@gmail.com
Tyler, Jackson, TylerJackson@gmail.com
Lisa, Leonard, LisaLeonard@gmail.com
Amanda, Thomas, AmandaThomas@gmail.com
George, Smith, GeorgeSmith@gmail.com
Kevin, Good, KevinGood@gmail.com
Timothy, Evans, TimothyEvans@gmail.com
Holly, Moore, HollyMoore@gmail.com
Andrea, Hall, AndreaHall@gmail.com
Tara, MD, TaraMD@gmail.com
Susan, Dixon, SusanDixon@gmail.com
Jerry, Scott, JerryScott@gmail.com
Jessica, Murphy, JessicaMurphy@gmail.com
Patrick, Gonzalez, PatrickGonzalez@gmail.com
Gary, Waller, GaryWaller@gmail.com
Dawn, Powers, DawnPowers@gmail.com
Dillon, Miller, DillonMiller@gmail.com
Sarah, Sosa, SarahSosa@gmail.com
Elizabeth, Richard, ElizabethRichard@gmail.com
Helen, Terrell, HelenTerrell@gmail.com
Henry, Anderson, HenryAnderson@gmail.com
Karen, Moody, KarenMoody@gmail.com
Jodi, Duke, JodiDuke@gmail.com
Alexander, Jenkins, AlexanderJenkins@gmail.com
Bethany, Smith, BethanySmith@gmail.com
Meghan, Aguirre, MeghanAguirre@gmail.com
Brenda, Glenn, BrendaGlenn@gmail.com
Maureen, Gilbert, MaureenGilbert@gmail.com
Valerie, Matthews, ValerieMatthews@gmail.com
Colleen, Long, ColleenLong@gmail.com
Scott, Anderson, ScottAnderson@gmail.com
Eric, Harris, EricHarris@gmail.com
Maureen, Perry, MaureenPerry@gmail.com
Nicholas, Garza, NicholasGarza@gmail.com
Luke, Miller, LukeMiller@gmail.com
Shannon, Nelson, ShannonNelson@gmail.com
Thomas, Morales, ThomasMorales@gmail.com
Shaun, Koch, ShaunKoch@gmail.com
Dawn, Wilson, DawnWilson@gmail.com
Ariana, Baldwin, ArianaBaldwin@gmail.com
Jessica, Gonzalez, JessicaGonzalez@gmail.com
Kevin, Herrera, KevinHerrera@gmail.com
Steve, Villarreal, SteveVillarreal@gmail.com
Stephanie, Nguyen, StephanieNguyen@gmail.com
Heidi, Ellis, HeidiEllis@gmail.com
Daniel, Peterson, DanielPeterson@gmail.com
Jennifer, Campbell, JenniferCampbell@gmail.com
Jasmine, Baker, JasmineBaker@gmail.com
Kari, Bauer, KariBauer@gmail.com
Gary, Hale, GaryHale@gmail.com
Angela, Logan, AngelaLogan@gmail.com
Anne, Anderson, AnneAnderson@gmail.com
Christopher, Meyers, ChristopherMeyers@gmail.com
Richard, Kaiser, RichardKaiser@gmail.com
Kelly, Wong, KellyWong@gmail.com
Cynthia, Thompson, CynthiaThompson@gmail.c
Laurie, Davis, LaurieDavis@gmail.com
Cindy, Moore, CindyMoore@gmail.com
Joseph, Vaughn, JosephVaughn@gmail.com
Joshua, Watson, JoshuaWatson@gmail.com
Danielle, Carter, DanielleCarter@gmail.com
Mark, Villa, MarkVilla@gmail.com
Luke, Turner, LukeTurner@gmail.com
Karen, Green, KarenGreen@gmail.com
Brandon, Simmons, BrandonSimmons@gmail.com
Sarah, Hoffman, SarahHoffman@gmail.com
David, Bond, DavidBond@gmail.com
Matthew, Richmond, MatthewRichmond@gmail.com
David, Harris, DavidHarris@gmail.com
John, May, JohnMay@gmail.com
Samuel, Marks, SamuelMarks@gmail.com
George, Nelson, GeorgeNelson@gmail.com
Daniel, Michael, DanielMichael@gmail.com
Erica, Clements, EricaClements@gmail.com
Andrew, Bryan, AndrewBryan@gmail.com
Christina, Parker, ChristinaParker@gmail.com
Jamie, Dunn, JamieDunn@gmail.com
Rebekah, Cox, RebekahCox@gmail.com
Kristopher, Hall, KristopherHall@gmail.com
Brandon, Spencer, BrandonSpencer@gmail.com
Ryan, Shelton, RyanShelton@gmail.com
Catherine, Clark, CatherineClark@gmail.com
Michael, Rowe, MichaelRowe@gmail.com
Emily, Becker, EmilyBecker@gmail.com
Zachary, Reese, ZacharyReese@gmail.com
Stanley, Mathis, StanleyMathis@gmail.com
Courtney, West, CourtneyWest@gmail.com
Matthew, Coleman, MatthewColeman@gmail.com
Sarah, Knox, SarahKnox@gmail.com
Tom, Ramirez, TomRamirez@gmail.com
Joseph, Duncan, JosephDuncan@gmail.com
Sydney, Williams, SydneyWilliams@gmail.com
Earl, Green, EarlGreen@gmail.com
Cheyenne, Martinez, CheyenneMartinez@gmail.com
Darlene, Haynes, DarleneHaynes@gmail.com
Alexandra, King, AlexandraKing@gmail.com