Sarah, Sellers, SarahSellers@gmail.com
Jeremy, Alvarez, JeremyAlvarez@gmail.com
Ricky, Bird, RickyBird@gmail.com
Diana, Martin, DianaMartin@gmail.com
Meghan, Aguirre, MeghanAguirre@gmail.com
Brenda, Glenn, BrendaGlenn@gmail.com
Maureen, Gilbert, MaureenGilbert@gmail.com
Valerie, Matthews, ValerieMatthews@gmail.com
Colleen, Long, ColleenLong@gmail.com
Scott, Anderson, ScottAnderson@gmail.com
Eric, Harris, EricHarris@gmail.com
Maureen, Perry, MaureenPerry@gmail.com
Nicholas, Garza, NicholasGarza@gmail.com
Luke, Miller, LukeMiller@gmail.com
Shannon, Nelson, ShannonNelson@gmail.com
Thomas, Morales, ThomasMorales@gmail.com
Shaun, Koch, ShaunKoch@gmail.com
Dawn, Wilson, DawnWilson@gmail.com
Ariana, Baldwin, ArianaBaldwin@gmail.com
Jessica, Gonzalez, JessicaGonzalez@gmail.com
Kevin, Herrera, KevinHerrera@gmail.com
Steve, Villarreal, SteveVillarreal@gmail.com
Stephanie, Nguyen, StephanieNguyen@gmail.com
Heidi, Ellis, HeidiEllis@gmail.com
Daniel, Peterson, DanielPeterson@gmail.com
Jennifer, Campbell, JenniferCampbell@gmail.com
Jasmine, Baker, JasmineBaker@gmail.com
Kari, Bauer, KariBauer@gmail.com
Gary, Hale, GaryHale@gmail.com
Angela, Logan, AngelaLogan@gmail.com
Anne, Anderson, AnneAnderson@gmail.com
Christopher, Meyers, ChristopherMeyers@gmail.com
Richard, Kaiser, RichardKaiser@gmail.com
Kelly, Wong, KellyWong@gmail.com
Cynthia, Thompson, CynthiaThompson@gmail.com
Heather, Anderson, HeatherAnderson@gmail.com
Matthew, Davis, MatthewDavis@gmail.com
Douglas, Fernandez, DouglasFernandez@gmail.com
Robert, Fuentes, RobertFuentes@gmail.com
Samantha, Smith, SamanthaSmith@gmail.com
Matthew, Martin, MatthewMartin@gmail.com
Thomas, Becker, ThomasBecker@gmail.com
Heather, Dudley, HeatherDudley@gmail.com
Ashley, Jones, AshleyJones@gmail.com
Stacy, James, StacyJames@gmail.com
Michael, Cowan, MichaelCowan@gmail.com
Evelyn, Mahoney, EvelynMahoney@gmail.com
Aaron, Parker, AaronParker@gmail.com
Ann, Bauer, AnnBauer@gmail.com
Christopher, Butler, ChristopherButler@gmail.com
Madison, Thomas, MadisonThomas@gmail.com
Natalie, Carter, NatalieCarter@gmail.com
Michelle, Martin, MichelleMartin@gmail.com
Aaron, Manning, AaronManning@gmail.com
Sarah, Moore, SarahMoore@gmail.com
Melinda, Jenkins, MelindaJenkins@gmail.com
Nichole, Miller, NicholeMiller@gmail.com
Shannon, Olson, ShannonOlson@gmail.com
Meredith, Day, MeredithDay@gmail.com
Antonio, Roberson, AntonioRoberson@gmail.com
Brett, Martinez, BrettMartinez@gmail.com
Diana, Williams, DianaWilliams@gmail.com
James, Robertson, JamesRobertson@gmail.com
Derek, Garcia, DerekGarcia@gmail.com
Mary, Hughes, MaryHughes@gmail.com
Michael, Higgins, MichaelHiggins@gmail.com
Charles, Parker, CharlesParker@gmail.com
Tonya, Lloyd, TonyaLloyd@gmail.com
Ryan, Haney, RyanHaney@gmail.com